article_title,url
Architectural style,https://en.wikipedia.org/wiki/Architectural_style
List of architectural styles,https://en.wikipedia.org/wiki/List_of_architectural_styles
Timeline of architectural styles,https://en.wikipedia.org/wiki/Timeline_of_architectural_styles
Adam style,https://en.wikipedia.org/wiki/Adam_style
Aerospace architecture,https://en.wikipedia.org/wiki/Aerospace_architecture
Aldwych Farcical,https://en.wikipedia.org/wiki/Aldwych_Farcical
American Empire style,https://en.wikipedia.org/wiki/American_Empire_style
Amsterdam School,https://en.wikipedia.org/wiki/Amsterdam_School
Ancient Chinese wooden architecture,https://en.wikipedia.org/wiki/Ancient_Chinese_wooden_architecture
Architectural school of Nakhchivan,https://en.wikipedia.org/wiki/Architectural_school_of_Nakhchivan
Architecture terrible,https://en.wikipedia.org/wiki/Architecture_terrible
Arts and Crafts movement,https://en.wikipedia.org/wiki/Arts_and_Crafts_movement
Asturian architecture,https://en.wikipedia.org/wiki/Asturian_architecture
Australian architectural styles,https://en.wikipedia.org/wiki/Australian_architectural_styles
Australian non-residential architectural styles,https://en.wikipedia.org/wiki/Australian_non-residential_architectural_styles
Aztec architecture,https://en.wikipedia.org/wiki/Aztec_architecture
Badami cave temples,https://en.wikipedia.org/wiki/Badami_cave_temples
Baroque architecture,https://en.wikipedia.org/wiki/Baroque_architecture
Batak architecture,https://en.wikipedia.org/wiki/Batak_architecture
Battle of the Styles,https://en.wikipedia.org/wiki/Battle_of_the_Styles
Biedermeier,https://en.wikipedia.org/wiki/Biedermeier
Boom style architecture,https://en.wikipedia.org/wiki/Boom_style_architecture
Bossche School,https://en.wikipedia.org/wiki/Bossche_School
Brabantine Gothic,https://en.wikipedia.org/wiki/Brabantine_Gothic
Brick Expressionism,https://en.wikipedia.org/wiki/Brick_Expressionism
Building Act 1774,https://en.wikipedia.org/wiki/Building_Act_1774
Burnham Baroque,https://en.wikipedia.org/wiki/Burnham_Baroque
By-pass Variegated,https://en.wikipedia.org/wiki/By-pass_Variegated
Byzantine architecture,https://en.wikipedia.org/wiki/Byzantine_architecture
Caihua,https://en.wikipedia.org/wiki/Caihua
Cape Dutch architecture,https://en.wikipedia.org/wiki/Cape_Dutch_architecture
Caprom,https://en.wikipedia.org/wiki/Caprom
Carolingian architecture,https://en.wikipedia.org/wiki/Carolingian_architecture
Cas di torto,https://en.wikipedia.org/wiki/Cas_di_torto
Chilotan architecture,https://en.wikipedia.org/wiki/Chilotan_architecture
Chinese architecture,https://en.wikipedia.org/wiki/Chinese_architecture
Church architecture,https://en.wikipedia.org/wiki/Church_architecture
Colonial architecture,https://en.wikipedia.org/wiki/Colonial_architecture
Conch house,https://en.wikipedia.org/wiki/Conch_house
Construction of Gothic cathedrals,https://en.wikipedia.org/wiki/Construction_of_Gothic_cathedrals
Constructivism (art),https://en.wikipedia.org/wiki/Constructivism_(art)
Constructivist architecture,https://en.wikipedia.org/wiki/Constructivist_architecture
Contemporary architecture,https://en.wikipedia.org/wiki/Contemporary_architecture
Coptic architecture,https://en.wikipedia.org/wiki/Coptic_architecture
Cosmatesque,https://en.wikipedia.org/wiki/Cosmatesque
Cottage window,https://en.wikipedia.org/wiki/Cottage_window
Dancheong,https://en.wikipedia.org/wiki/Dancheong
Danish design,https://en.wikipedia.org/wiki/Danish_design
Dingbat (building),https://en.wikipedia.org/wiki/Dingbat_(building)
Directoire style,https://en.wikipedia.org/wiki/Directoire_style
Dissenting Gothic,https://en.wikipedia.org/wiki/Dissenting_Gothic
Dreiseithof,https://en.wikipedia.org/wiki/Dreiseithof
Dutch Baroque architecture,https://en.wikipedia.org/wiki/Dutch_Baroque_architecture
Dutch brick,https://en.wikipedia.org/wiki/Dutch_brick
Dutch colonial architecture,https://en.wikipedia.org/wiki/Dutch_colonial_architecture
Dutch Colonial Revival architecture,https://en.wikipedia.org/wiki/Dutch_Colonial_Revival_architecture
Dzong architecture,https://en.wikipedia.org/wiki/Dzong_architecture
East Coast of Quintana Roo,https://en.wikipedia.org/wiki/East_Coast_of_Quintana_Roo
Eclecticism in architecture,https://en.wikipedia.org/wiki/Eclecticism_in_architecture
Eclecticism in art,https://en.wikipedia.org/wiki/Eclecticism_in_art
Egyptian Revival architecture,https://en.wikipedia.org/wiki/Egyptian_Revival_architecture
Elizabethan architecture,https://en.wikipedia.org/wiki/Elizabethan_architecture
Empire style,https://en.wikipedia.org/wiki/Empire_style
Expressionist Rococo,https://en.wikipedia.org/wiki/Expressionist_Rococo
Fachwerk,https://en.wikipedia.org/wiki/Fachwerk
Fantastic architecture,https://en.wikipedia.org/wiki/Fantastic_architecture
Federation architecture,https://en.wikipedia.org/wiki/Federation_architecture
Ferme ornée,https://en.wikipedia.org/wiki/Ferme_orn%C3%A9e
Ferrovitreous,https://en.wikipedia.org/wiki/Ferrovitreous
First national architectural movement,https://en.wikipedia.org/wiki/First_national_architectural_movement
First Romanesque,https://en.wikipedia.org/wiki/First_Romanesque
French Gothic architecture,https://en.wikipedia.org/wiki/French_Gothic_architecture
French Provincial architecture,https://en.wikipedia.org/wiki/French_Provincial_architecture
French Restoration style,https://en.wikipedia.org/wiki/French_Restoration_style
Georgian architecture,https://en.wikipedia.org/wiki/Georgian_architecture
Gothic architecture,https://en.wikipedia.org/wiki/Gothic_architecture
Influences upon Gothic architecture,https://en.wikipedia.org/wiki/Influences_upon_Gothic_architecture
Gothic Revival architecture,https://en.wikipedia.org/wiki/Gothic_Revival_architecture
Goût grec,https://en.wikipedia.org/wiki/Go%C3%BBt_grec
Goût Rothschild,https://en.wikipedia.org/wiki/Go%C3%BBt_Rothschild
Greek Revival architecture,https://en.wikipedia.org/wiki/Greek_Revival_architecture
Greek Revival architecture in North America,https://en.wikipedia.org/wiki/Greek_Revival_architecture_in_North_America
Gründerzeit,https://en.wikipedia.org/wiki/Gr%C3%BCnderzeit
Guerrilla architecture,https://en.wikipedia.org/wiki/Guerrilla_architecture
Heimatschutz Architecture,https://en.wikipedia.org/wiki/Heimatschutz_Architecture
Heimatstil,https://en.wikipedia.org/wiki/Heimatstil
Henry II style,https://en.wikipedia.org/wiki/Henry_II_style
Henry IV style,https://en.wikipedia.org/wiki/Henry_IV_style
Herodian architecture,https://en.wikipedia.org/wiki/Herodian_architecture
Herrerian style,https://en.wikipedia.org/wiki/Herrerian_style
Hexi Caihua,https://en.wikipedia.org/wiki/Hexi_Caihua
Inca architecture,https://en.wikipedia.org/wiki/Inca_architecture
Inca kancha,https://en.wikipedia.org/wiki/Inca_kancha
Indian rock-cut architecture,https://en.wikipedia.org/wiki/Indian_rock-cut_architecture
Indies Empire style,https://en.wikipedia.org/wiki/Indies_Empire_style
Indo-Islamic architecture,https://en.wikipedia.org/wiki/Indo-Islamic_architecture
Italian Baroque architecture,https://en.wikipedia.org/wiki/Italian_Baroque_architecture
Italian Neoclassical architecture,https://en.wikipedia.org/wiki/Italian_Neoclassical_architecture
Jacobean architecture,https://en.wikipedia.org/wiki/Jacobean_architecture
Jacobethan,https://en.wikipedia.org/wiki/Jacobethan
Japanese-Western Eclectic Architecture,https://en.wikipedia.org/wiki/Japanese-Western_Eclectic_Architecture
Jeffersonian architecture,https://en.wikipedia.org/wiki/Jeffersonian_architecture
Jengki style,https://en.wikipedia.org/wiki/Jengki_style
Jewish architecture,https://en.wikipedia.org/wiki/Jewish_architecture
Kadamba architecture,https://en.wikipedia.org/wiki/Kadamba_architecture
Kaduna State,https://en.wikipedia.org/wiki/Kaduna_State
Laimes,https://en.wikipedia.org/wiki/Laimes
Landshövdingehus,https://en.wikipedia.org/wiki/Landsh%C3%B6vdingehus
The Leeds Look,https://en.wikipedia.org/wiki/The_Leeds_Look
Lombard architecture,https://en.wikipedia.org/wiki/Lombard_architecture
Louis Philippe style,https://en.wikipedia.org/wiki/Louis_Philippe_style
Louis XIV style,https://en.wikipedia.org/wiki/Louis_XIV_style
Louis XV style,https://en.wikipedia.org/wiki/Louis_XV_style
Louis XVI style,https://en.wikipedia.org/wiki/Louis_XVI_style
Mannerism,https://en.wikipedia.org/wiki/Mannerism
Manueline,https://en.wikipedia.org/wiki/Manueline
Mayan Revival architecture,https://en.wikipedia.org/wiki/Mayan_Revival_architecture
Merovingian art and architecture,https://en.wikipedia.org/wiki/Merovingian_art_and_architecture
Mesoamerican architecture,https://en.wikipedia.org/wiki/Mesoamerican_architecture
Mesoamerican pyramids,https://en.wikipedia.org/wiki/Mesoamerican_pyramids
Metabolism (architecture),https://en.wikipedia.org/wiki/Metabolism_(architecture)
Modernism,https://en.wikipedia.org/wiki/Modernism
Modernisme,https://en.wikipedia.org/wiki/Modernisme
Moorish architecture,https://en.wikipedia.org/wiki/Moorish_architecture
Mudéjar art,https://en.wikipedia.org/wiki/Mud%C3%A9jar_art
Nazi architecture,https://en.wikipedia.org/wiki/Nazi_architecture
Neoclásico Isabelino,https://en.wikipedia.org/wiki/Neocl%C3%A1sico_Isabelino
Neoclassical architecture,https://en.wikipedia.org/wiki/Neoclassical_architecture
Neoclassicism in France,https://en.wikipedia.org/wiki/Neoclassicism_in_France
New Hague School (architecture),https://en.wikipedia.org/wiki/New_Hague_School_(architecture)
New Khmer Architecture,https://en.wikipedia.org/wiki/New_Khmer_Architecture
New Mexico vernacular,https://en.wikipedia.org/wiki/New_Mexico_vernacular
Newar architecture,https://en.wikipedia.org/wiki/Newar_architecture
Noucentisme,https://en.wikipedia.org/wiki/Noucentisme
Omo sebua,https://en.wikipedia.org/wiki/Omo_sebua
Open building,https://en.wikipedia.org/wiki/Open_building
Ornamentalism (architecture),https://en.wikipedia.org/wiki/Ornamentalism_(architecture)
Ottoman architecture,https://en.wikipedia.org/wiki/Ottoman_architecture
Ottonian architecture,https://en.wikipedia.org/wiki/Ottonian_architecture
Palazzo style architecture,https://en.wikipedia.org/wiki/Palazzo_style_architecture
Palladian architecture,https://en.wikipedia.org/wiki/Palladian_architecture
Phallic architecture,https://en.wikipedia.org/wiki/Phallic_architecture
Plantagenet style,https://en.wikipedia.org/wiki/Plantagenet_style
Plateresque,https://en.wikipedia.org/wiki/Plateresque
Polite architecture,https://en.wikipedia.org/wiki/Polite_architecture
Pombaline style,https://en.wikipedia.org/wiki/Pombaline_style
Ponce Creole,https://en.wikipedia.org/wiki/Ponce_Creole
Pont Street Dutch,https://en.wikipedia.org/wiki/Pont_Street_Dutch
Português Suave architecture,https://en.wikipedia.org/wiki/Portugu%C3%AAs_Suave_architecture
Portuguese colonial architecture,https://en.wikipedia.org/wiki/Portuguese_colonial_architecture
Portuguese Plain Style architecture,https://en.wikipedia.org/wiki/Portuguese_Plain_Style_architecture
Portuguese Romanesque architecture,https://en.wikipedia.org/wiki/Portuguese_Romanesque_architecture
Postconstructivism,https://en.wikipedia.org/wiki/Postconstructivism
Puuc,https://en.wikipedia.org/wiki/Puuc
Queenslander (architecture),https://en.wikipedia.org/wiki/Queenslander_(architecture)
Remodernism,https://en.wikipedia.org/wiki/Remodernism
Renaissance architecture,https://en.wikipedia.org/wiki/Renaissance_architecture
Retrofuturism,https://en.wikipedia.org/wiki/Retrofuturism
Revivalism (architecture),https://en.wikipedia.org/wiki/Revivalism_(architecture)
Ribbon window,https://en.wikipedia.org/wiki/Ribbon_window
Romanesque architecture,https://en.wikipedia.org/wiki/Romanesque_architecture
List of regional characteristics of Romanesque churches,https://en.wikipedia.org/wiki/List_of_regional_characteristics_of_Romanesque_churches
Romanian Revival architecture,https://en.wikipedia.org/wiki/Romanian_Revival_architecture
Rundbogenstil,https://en.wikipedia.org/wiki/Rundbogenstil
Russian Baroque,https://en.wikipedia.org/wiki/Russian_Baroque
Rustic architecture,https://en.wikipedia.org/wiki/Rustic_architecture
Sand Hills cottage architecture,https://en.wikipedia.org/wiki/Sand_Hills_cottage_architecture
Schinkel school,https://en.wikipedia.org/wiki/Schinkel_school
Scottish Vernacular,https://en.wikipedia.org/wiki/Scottish_Vernacular
Second Empire style,https://en.wikipedia.org/wiki/Second_Empire_style
Shoebox style,https://en.wikipedia.org/wiki/Shoebox_style
Side passage plan architecture,https://en.wikipedia.org/wiki/Side_passage_plan_architecture
Sikh architecture,https://en.wikipedia.org/wiki/Sikh_architecture
Single- and double-pen architecture,https://en.wikipedia.org/wiki/Single-_and_double-pen_architecture
Sino-Portuguese architecture,https://en.wikipedia.org/wiki/Sino-Portuguese_architecture
Slow architecture,https://en.wikipedia.org/wiki/Slow_architecture
Songhai architecture,https://en.wikipedia.org/wiki/Songhai_architecture
Southern French Gothic,https://en.wikipedia.org/wiki/Southern_French_Gothic
Spa architecture,https://en.wikipedia.org/wiki/Spa_architecture
Spanish Colonial architecture,https://en.wikipedia.org/wiki/Spanish_Colonial_architecture
De Stijl,https://en.wikipedia.org/wiki/De_Stijl
Stile Littorio,https://en.wikipedia.org/wiki/Stile_Littorio
Stockbroker's Tudor,https://en.wikipedia.org/wiki/Stockbroker%27s_Tudor
Strawberry Hill Gothic,https://en.wikipedia.org/wiki/Strawberry_Hill_Gothic
Sudano-Sahelian architecture,https://en.wikipedia.org/wiki/Sudano-Sahelian_architecture
Suspended structure,https://en.wikipedia.org/wiki/Suspended_structure
Swahili architecture,https://en.wikipedia.org/wiki/Swahili_architecture
Swiss chalet style,https://en.wikipedia.org/wiki/Swiss_chalet_style
Traditional architecture,https://en.wikipedia.org/wiki/Traditional_architecture
Traditionalist School (architecture),https://en.wikipedia.org/wiki/Traditionalist_School_(architecture)
Tudor architecture,https://en.wikipedia.org/wiki/Tudor_architecture
Vancouver special,https://en.wikipedia.org/wiki/Vancouver_special
Visionary architecture,https://en.wikipedia.org/wiki/Visionary_architecture
Wedding-cake style,https://en.wikipedia.org/wiki/Wedding-cake_style
Western false front architecture,https://en.wikipedia.org/wiki/Western_false_front_architecture
Wooden synagogues in the Polish–Lithuanian Commonwealth,https://en.wikipedia.org/wiki/Wooden_synagogues_in_the_Polish%E2%80%93Lithuanian_Commonwealth
Zoomorphic architecture,https://en.wikipedia.org/wiki/Zoomorphic_architecture
